{"cameraMode":{"drawMode":0,"name":"Shaded","section":"Shading Mode"},"sceneLighting":false,"audioPlay":false,"sceneViewState":{"showFog":true,"showMaterialUpdate":false,"showSkybox":true,"showFlares":true,"showImageEffects":true,"showParticleSystems":true},"in2DMode":false,"pivot":{"x":-0.029617391526699067,"y":-0.022795431315898896,"z":-0.06903207302093506},"rotation":{"x":-0.05473599210381508,"y":0.9451645016670227,"z":-0.23461787402629853,"w":-0.2205052524805069},"size":0.285788357257843,"orthographic":false}