{"cameraMode":{"drawMode":0,"name":"Shaded","section":"Shading Mode"},"sceneLighting":false,"audioPlay":false,"sceneViewState":{"showFog":true,"showMaterialUpdate":false,"showSkybox":false,"showFlares":true,"showImageEffects":true,"showParticleSystems":true},"in2DMode":false,"pivot":{"x":-1.2217738628387452,"y":-0.41121184825897219,"z":-2.9800000190734865},"rotation":{"x":-0.01559274923056364,"y":0.9709261059761047,"z":-0.06594137847423554,"w":-0.22958886623382569},"size":2.7147538661956789,"orthographic":false}